time,SO2,NO3-,PM2.5,PM10,11.8,198.19892090179763,2046.8021325785808,19810.0,AT,RH,wind_u,wind_v,BLH,hour_sin,hour_cos,dow_sin,dow_cos,month_sin,month_cos
2025-01-20 00:00:00,1,3247.8,26000,55,,,,,16.5,91.1,1.037018,-2.052947,115.698,0,1,0,1,0,1
2025-01-20 01:00:00,1.2,3305.6,34000,52,,,,,15.9,93.8,1.557273,-0.9027193,116.513,0.258819,0.9659258,0,1,0,1
2025-01-20 02:00:00,1,3371.4,29000,55,,,,,15.7,94.7,1.671615,-1.098046,128.4648,0.5,0.8660254,0,1,0,1
2025-01-20 03:00:00,1.3,3817.4,34000,49,,,,,15.9,92,1.329073,-1.877116,131.246,0.7071068,0.7071068,0,1,0,1
2025-01-20 04:00:00,1.7,3754.1,37000,56,,,,,15.5,93.6,1.728529,-0.502184,127.0131,0.8660254,0.5,0,1,0,1
2025-01-20 05:00:00,1.5,3992.5,35000,55,,,,,15.5,94.1,1.341156,-1.345846,103.9316,0.9659258,0.258819,0,1,0,1
2025-01-20 06:00:00,1.5,4226,36000,55,,,,,15.3,92.9,0.8387894,-1.243556,64.50253,1,6.123234e-17,0,1,0,1
2025-01-20 07:00:00,1.9,3859.8,43000,69,,,,,15.6,88.2,-0.4019478,-0.9156626,64.75377,0.9659258,-0.258819,0,1,0,1
2025-01-20 08:00:00,2.4,3664.6,32000,72,,,,,19.2,75.2,-0.9271839,-0.3746066,95.3837,0.8660254,-0.5,0,1,0,1
2025-01-20 09:00:00,,2645.2,37000,,,,,,22.8,66.1,0.4746546,-1.102136,224.8502,0.7071068,-0.7071068,0,1,0,1
2025-01-20 10:00:00,3.3,3166.2,28000,137,,,,,23.8,62.4,1.499888,0.0183255,402.0696,0.5,-0.8660254,0,1,0,1
2025-01-20 11:00:00,2.8,3322.8,23000,80,,,,,24.4,60.1,1.963254,-0.381618,606.3538,0.258819,-0.9659258,0,1,0,1
2025-01-20 12:00:00,3,3250.6,22000,33,,,,,24.5,60,2.282363,-0.2842834,730.4275,1.224647e-16,-1,0,1,0,1
2025-01-20 13:00:00,1.3,2500.4,23000,106,,,,,24.3,61,1.911672,-1.451038,770.512,-0.258819,-0.9659258,0,1,0,1
2025-01-20 14:00:00,1.2,1180.4,28000,,,,,,24.3,59.1,1.655087,-1.738012,751.0007,-0.5,-0.8660254,0,1,0,1
2025-01-20 15:00:00,1.5,862.3,14000,43,,,,,23.8,59.7,2.074253,-1.880818,711.0041,-0.7071068,-0.7071068,0,1,0,1
2025-01-20 16:00:00,1.7,781.4,13000,40,,,,,23.7,59.3,1.322624,-1.500222,642.6668,-0.8660254,-0.5,0,1,0,1
2025-01-20 17:00:00,1.7,1289.1,15000,50,,,,,22.9,61.6,0.5814342,-1.597477,535.1891,-0.9659258,-0.258819,0,1,0,1
2025-01-20 18:00:00,1.7,1761.6,25000,72,,,,,22.7,66.7,0.4009182,-2.163161,303.0096,-1,-1.83697e-16,0,1,0,1
2025-01-20 19:00:00,1.6,2206.7,29000,83,,,,,21.2,71.2,0.9781831,-2.408974,194.6469,-0.9659258,0.258819,0,1,0,1
2025-01-20 20:00:00,1.6,2964.4,34000,88,,,,,19.6,76.5,1.12558,-2.005759,137.6929,-0.8660254,0.5,0,1,0,1
2025-01-20 21:00:00,1.6,3246.5,40000,93,,,,,19.1,77,0.2506665,-1.984229,105.1998,-0.7071068,0.7071068,0,1,0,1
2025-01-20 22:00:00,1.9,3941.1,43000,89,,,,,18.7,78.1,0.8675193,-1.912436,87.76753,-0.5,0.8660254,0,1,0,1
2025-01-20 23:00:00,2,4382.4,46000,105,,,,,17.7,81.5,1.383479,-2.082303,73.32793,-0.258819,0.9659258,0,1,0,1
2025-01-21 00:00:00,2.2,5764.9,53000,110,,,,,17.2,82.6,0.6314822,-2.002806,62.31044,0,1,0.7818315,0.6234898,0,1
2025-01-21 01:00:00,2.2,5755.1,52000,102,,,,,16.9,84,0.5999456,-2.012477,74.56491,0.258819,0.9659258,0.7818315,0.6234898,0,1
2025-01-21 02:00:00,2.2,6359.3,55000,101,,,,,16.3,87.5,1.586211,-1.045913,89.34474,0.5,0.8660254,0.7818315,0.6234898,0,1
2025-01-21 03:00:00,1.8,6704.2,58000,113,,,,,16.4,86.8,1.6011,-1.5088,110.1962,0.7071068,0.7071068,0.7818315,0.6234898,0,1
2025-01-21 04:00:00,1,6390.8,53000,93,,,,,16.4,88.3,0.8834989,-2.231464,120.1192,0.8660254,0.5,0.7818315,0.6234898,0,1
2025-01-21 05:00:00,0.9,5424.7,47000,85,,,,,16.2,88,1.01186,-2.065463,110.4816,0.9659258,0.258819,0.7818315,0.6234898,0,1
2025-01-21 06:00:00,0.8,6799,52000,91,,,,,15.7,87.5,0.7018947,-1.325648,98.98596,1,6.123234e-17,0.7818315,0.6234898,0,1
2025-01-21 07:00:00,1,4979.6,42000,81,,,,,16,84.4,0.385906,-0.9225381,81.26516,0.9659258,-0.258819,0.7818315,0.6234898,0,1
2025-01-21 08:00:00,1.5,4742.8,43000,87,,,,,18.4,76.4,1.068787,-0.7400634,85.70697,0.8660254,-0.5,0.7818315,0.6234898,0,1
2025-01-21 09:00:00,2.6,4113.4,42000,92,,,,,21.2,67.4,1.191805,-0.1400049,176.855,0.7071068,-0.7071068,0.7818315,0.6234898,0,1
2025-01-21 10:00:00,4,6594.3,44000,107,,,,,23.2,61.1,1.593379,-0.5925725,416.9287,0.5,-0.8660254,0.7818315,0.6234898,0,1
2025-01-21 11:00:00,2.9,6624.6,42000,83,,,,,23.9,61.9,1.959849,-0.3987359,626.6807,0.258819,-0.9659258,0.7818315,0.6234898,0,1
2025-01-21 12:00:00,2,6516.5,38000,64,,,,,23.5,63.6,2.355102,-0.4620527,778.6284,1.224647e-16,-1,0.7818315,0.6234898,0,1
2025-01-21 13:00:00,0.9,3790.9,29000,111,4465.793,3340.153,1.605692,0.09993296,24,60.2,2.111157,-1.141498,839.7837,-0.258819,-0.9659258,0.7818315,0.6234898,0,1
2025-01-21 14:00:00,1,2259,26000,77,,,,,24.1,59,2.072986,-0.3357505,790.4678,-0.5,-0.8660254,0.7818315,0.6234898,0,1
2025-01-21 15:00:00,1.7,2116.3,24000,50,5135.342,3625.216,5.374381,0.01988483,23.6,60.5,1.963254,-0.381618,634.9792,-0.7071068,-0.7071068,0.7818315,0.6234898,0,1
2025-01-21 16:00:00,1.8,1594.3,25000,50,3524.334,3518.073,5.29182,0.01878897,22.7,62.5,1.672072,-0.3068825,549.7682,-0.8660254,-0.5,0.7818315,0.6234898,0,1
2025-01-21 17:00:00,1.6,1468.6,27000,56,5791.572,3504.494,5.876065,0.01718339,22.1,64.4,1.158567,-0.3126054,443.3987,-0.9659258,-0.258819,0.7818315,0.6234898,0,1
2025-01-21 18:00:00,1.5,1556.2,28000,58,8743.975,3882.047,5.703847,0.01836385,22.6,69.4,1.899164,0.05636586,308.5829,-1,-1.83697e-16,0.7818315,0.6234898,0,1
2025-01-21 19:00:00,1.5,1856.6,28000,72,8796.141,4216.863,8.861878,0.01855606,22.3,75.2,1.716337,-0.8149768,167.5559,-0.9659258,0.258819,0.7818315,0.6234898,0,1
2025-01-21 20:00:00,1.7,2773.9,44000,94,6078.317,5906.583,11.29442,0.04101127,22,75.3,0.9557379,-1.642122,94.88045,-0.8660254,0.5,0.7818315,0.6234898,0,1
2025-01-21 21:00:00,1.9,4205,41000,95,17495.9,6149.426,11.50414,0.02621105,22.1,74.9,-1.081631,-1.562074,71.12819,-0.7071068,0.7071068,0.7818315,0.6234898,0,1
2025-01-21 22:00:00,1.6,3168.3,44000,78,12556.07,5789.375,9.085456,0.03104366,21.5,79.5,0.4742849,-1.632499,65.47377,-0.5,0.8660254,0.7818315,0.6234898,0,1
2025-01-21 23:00:00,1.7,3024.7,44000,85,8463.743,6670.559,9.136956,0.04298688,21.3,80.8,0.3834547,-1.758682,63.17935,-0.258819,0.9659258,0.7818315,0.6234898,0,1
2025-01-22 00:00:00,1.6,3112.8,53000,97,10100.02,6708.307,9.384264,0.04456725,20.9,82,0.8547157,-1.808165,67.54932,0,1,0.9749279,-0.2225209,0,1
2025-01-22 01:00:00,1.2,3951.6,50000,84,12802.41,5951.785,10.66324,0.04124397,20.4,82,0.783416,-1.620574,69.28676,0.258819,0.9659258,0.9749279,-0.2225209,0,1
2025-01-22 02:00:00,1.1,3317.8,41000,74,7630.72,4906.861,8.032602,0.02853586,19.9,85.8,1.040463,-1.824126,83.18504,0.5,0.8660254,0.9749279,-0.2225209,0,1
2025-01-22 03:00:00,1.1,4904.6,50000,90,4296.096,4930.618,12.60384,0.03284647,19.2,87.1,1.059858,-1.927875,104.8435,0.7071068,0.7071068,0.9749279,-0.2225209,0,1
2025-01-22 04:00:00,1.1,5164.7,51000,82,3592.803,4766.453,11.3201,0.04362986,18.9,88.7,1.772612,-0.6839939,103.9868,0.8660254,0.5,0.9749279,-0.2225209,0,1
2025-01-22 05:00:00,1.3,5809.4,59000,96,2412.134,5271.15,13.1743,0.04829628,18.8,88.1,1.483465,-1.624602,85.75893,0.9659258,0.258819,0.9749279,-0.2225209,0,1
2025-01-22 06:00:00,1.8,6943.1,62000,94,13003.52,5227.456,12.30729,0.03336405,18.6,87.8,0.7594116,-1.95788,73.55975,1,6.123234e-17,0.9749279,-0.2225209,0,1
2025-01-22 07:00:00,1.9,6580.6,53000,95,32721.03,5361.202,12.3105,0.03819425,18.3,83.3,0.1606819,-1.290032,81.68977,0.9659258,-0.258819,0.9749279,-0.2225209,0,1
2025-01-22 08:00:00,2.3,5818.1,52000,108,18938.24,5110.951,12.59867,0.02559076,19.6,76.7,0.632236,-1.135904,87.17732,0.8660254,-0.5,0.9749279,-0.2225209,0,1
2025-01-22 09:00:00,2.3,6075.4,57000,95,8357.215,5486.293,11.57351,0.03654395,20.8,71.1,0.7501575,-1.182059,146.6755,0.7071068,-0.7071068,0.9749279,-0.2225209,0,1
2025-01-22 10:00:00,2.8,5693.2,52000,93,4480.776,5212.562,10.88719,0.03845373,22.1,65.6,0.5576157,-1.174336,334.4724,0.5,-0.8660254,0.9749279,-0.2225209,0,1
2025-01-22 11:00:00,2.7,,42000,89,3189.581,4914.767,11.82219,0.03561645,22.7,64,0.7501575,-1.182059,627.11,0.258819,-0.9659258,0.9749279,-0.2225209,0,1
2025-01-22 12:00:00,2.9,,41000,90,4528.737,4634.678,12.20532,0.04659954,23.8,59.3,0.6019588,-1.482446,850.7406,1.224647e-16,-1,0.9749279,-0.2225209,0,1
2025-01-22 13:00:00,3,,36000,105,4927.13,4408.755,10.58661,0.03877521,24.6,56.3,0.7717838,-1.514711,829.3226,-0.258819,-0.9659258,0.9749279,-0.2225209,0,1
2025-01-22 14:00:00,2.8,,37000,84,5200.001,4073.738,11.71241,0.03650697,25.1,54.3,0.8089807,-1.719171,878.7808,-0.5,-0.8660254,0.9749279,-0.2225209,0,1
2025-01-22 15:00:00,2.3,2974.9,24000,62,5872.419,3587.25,9.224093,0.03171595,24.8,54.5,1.269461,-1.545467,629.048,-0.7071068,-0.7071068,0.9749279,-0.2225209,0,1
2025-01-22 16:00:00,2,1620.1,20000,63,6546.978,3521.741,8.780256,0.01926618,23.7,57.6,1.359816,-1.326989,492.2321,-0.8660254,-0.5,0.9749279,-0.2225209,0,1
2025-01-22 17:00:00,2.3,1516.8,28000,,6425.68,4120.029,9.516527,0.03157634,23,57.3,0.7226305,-1.31446,405.2483,-0.9659258,-0.258819,0.9749279,-0.2225209,0,1
2025-01-22 18:00:00,2.1,2011.5,33000,74,11552.43,4501.806,13.23894,0.05361067,22.3,69.8,0.8365729,-2.249477,353.0685,-1,-1.83697e-16,0.9749279,-0.2225209,0,1
2025-01-22 19:00:00,2.3,3718.6,44000,92,7093.767,5013.404,16.18734,0.0379183,20.7,80.4,0.9486404,-2.313024,316.5519,-0.9659258,0.258819,0.9749279,-0.2225209,0,1
2025-01-22 20:00:00,2.4,4992.3,39000,90,9815.427,5020.566,16.93065,0.01690958,20.3,82.6,0.1113045,-2.197183,252.7788,-0.8660254,0.5,0.9749279,-0.2225209,0,1
2025-01-22 21:00:00,2.3,4910.5,42000,85,10101.87,4619.351,15.32837,0.02495145,19.8,84.2,-0.2146824,-2.1895,184.428,-0.7071068,0.7071068,0.9749279,-0.2225209,0,1
2025-01-22 22:00:00,2.3,4901.3,45000,84,9293.7,4308.347,14.44653,0.03042313,19.6,85.7,0.5369243,-2.236451,158.9632,-0.5,0.8660254,0.9749279,-0.2225209,0,1
2025-01-22 23:00:00,1.8,5565.5,52000,90,6106.654,4921.933,16.15125,0.02048095,19.2,87.8,0.5194551,-2.34311,174.4383,-0.258819,0.9659258,0.9749279,-0.2225209,0,1
